{
  "evaluation": {
    "source_mode": "precomputed_oof_probabilities",
    "model_path": null,
    "model_name": "catboost",
    "data_path": "C:\\oulad-churn-prediction\\models\\demo_1\\catboost_weekly_next_week_oof_predictions.csv",
    "source_verification": null,
    "validation_rows": 895005,
    "feature_count": null,
    "positive_label": 1,
    "positive_count": 6672,
    "positive_ratio": 0.007454706956944375,
    "inference_method": "OOF probabilities produced by predict_proba",
    "output_interpretation": "probability; sigmoid was not applied",
    "fold_column": null,
    "fold_count": 3,
    "fold_rows": {
      "1": 298335,
      "2": 298335,
      "3": 298335
    },
    "fold_assignment": "reconstructed GroupKFold by id_student",
    "seed": 42,
    "auc_note": "ROC-AUC and PR-AUC use the original positive probabilities, so they are identical across threshold rows."
  },
  "threshold_grid": {
    "requested_min": 0.005,
    "requested_max": 0.1,
    "requested_step": 0.005,
    "candidates": [
      0.005,
      0.01,
      0.015,
      0.02,
      0.025,
      0.03,
      0.035,
      0.04,
      0.045,
      0.05,
      0.055,
      0.06,
      0.065,
      0.07,
      0.075,
      0.08,
      0.085,
      0.09,
      0.095,
      0.1,
      0.5
    ],
    "default_0_5_always_included": true
  },
  "selection_rule": "Maximize the criterion; ties prefer the threshold closest to 0.5, then the higher threshold.",
  "constraints": {
    "min_recall": null,
    "min_precision": null
  },
  "selected": {
    "best_f1": {
      "threshold": 0.065,
      "accuracy": 0.9879687822973056,
      "precision": 0.1608148393507784,
      "recall": 0.14553357314148682,
      "specificity": 0.9942960578972074,
      "f1_score": 0.15279307631785996,
      "roc_auc": 0.8439528729654308,
      "pr_auc": 0.09477537081883369,
      "TP": 971,
      "FP": 5067,
      "TN": 883266,
      "FN": 5701,
      "predicted_positive_count": 6038,
      "predicted_positive_ratio": 0.006746331026083653,
      "youden_j": 0.13982963103869417
    },
    "best_accuracy": {
      "threshold": 0.5,
      "accuracy": 0.992585516282032,
      "precision": 0.6153846153846154,
      "recall": 0.014388489208633094,
      "specificity": 0.9999324577607721,
      "f1_score": 0.0281195079086116,
      "roc_auc": 0.8439528729654308,
      "pr_auc": 0.09477537081883369,
      "TP": 96,
      "FP": 60,
      "TN": 888273,
      "FN": 6576,
      "predicted_positive_count": 156,
      "predicted_positive_ratio": 0.0001743007022307138,
      "youden_j": 0.014320946969405224
    },
    "best_recall": {
      "threshold": 0.005,
      "accuracy": 0.637084709023972,
      "precision": 0.017651107856425933,
      "recall": 0.8724520383693045,
      "specificity": 0.6353169363290568,
      "f1_score": 0.034602158399538716,
      "roc_auc": 0.8439528729654308,
      "pr_auc": 0.09477537081883369,
      "TP": 5821,
      "FP": 323960,
      "TN": 564373,
      "FN": 851,
      "predicted_positive_count": 329781,
      "predicted_positive_ratio": 0.36846833257914763,
      "youden_j": 0.5077689746983614
    },
    "best_youden_j": {
      "threshold": 0.01,
      "accuracy": 0.8075418573080597,
      "precision": 0.026936065414526277,
      "recall": 0.7065347721822542,
      "specificity": 0.8083004909195088,
      "f1_score": 0.05189372464621668,
      "roc_auc": 0.8439528729654308,
      "pr_auc": 0.09477537081883369,
      "TP": 4714,
      "FP": 170293,
      "TN": 718040,
      "FN": 1958,
      "predicted_positive_count": 175007,
      "predicted_positive_ratio": 0.1955374550980162,
      "youden_j": 0.5148352631017632
    },
    "default_0_5": {
      "threshold": 0.5,
      "accuracy": 0.992585516282032,
      "precision": 0.6153846153846154,
      "recall": 0.014388489208633094,
      "specificity": 0.9999324577607721,
      "f1_score": 0.0281195079086116,
      "roc_auc": 0.8439528729654308,
      "pr_auc": 0.09477537081883369,
      "TP": 96,
      "FP": 60,
      "TN": 888273,
      "FN": 6576,
      "predicted_positive_count": 156,
      "predicted_positive_ratio": 0.0001743007022307138,
      "youden_j": 0.014320946969405224
    }
  },
  "files": {
    "threshold_metrics_csv": "C:\\oulad-churn-prediction\\outputs\\threshold_analysis\\catboost_lower_range\\threshold_metrics.csv",
    "threshold_metrics_plot": "C:\\oulad-churn-prediction\\outputs\\threshold_analysis\\catboost_lower_range\\threshold_metrics.png",
    "precision_recall_curve": "C:\\oulad-churn-prediction\\outputs\\threshold_analysis\\catboost_lower_range\\precision_recall_curve.png",
    "selected_thresholds_json": "C:\\oulad-churn-prediction\\outputs\\threshold_analysis\\catboost_lower_range\\selected_thresholds.json"
  }
}